[
    {
        "id": "home-hero-content",
        "title": "hello",
        "desc": "Welcome to my blog",
        "image": "./images/banner/home-one-banner.jpg"
    },
    {
        "id": "home-feature-contnet",
        "title": "Feature Stories"
    },
    {
        "id": "home-mailchimp-content",
        "title": "Contact Us",
        "desc": "Leave your email here and stay informed about our promotions and new arrivals."
    },
    {
        "id": "home-cta-content",
        "title": "Get in touch <span>with me...</span>",
        "desc": "The standard chunk of Lorem Ipsum used since the 1500s is reproduced below for those interested. Sections 1.10.32 and 1.10.33 from de Finibus Bonorum.",
        "image": "./images/cta-big-image.jpg",
        "path": "/contact-us"
    }
]