[
    {
        "id": "about-page-header",
        "title": "about fatima",
        "tagline": "Hello Guys! Welcome to My Writing World, Where Are You Where Words Matter."
    },
    {
        "id": "about-page-banner",
        "banner": "./images/banner/about-banner.jpg"
    },
    {
        "id": "about-page-content",
        "top_content": {
            "heading": "There are many variations of passages of Lorem Ipsumn available but the majority have suffered alteration.",
            "content": {
                "text1": "There are many variations of passages of Lorem Ipsum available, but the majority have suffered alteration in some form, by injected humour, or randomised words which don't look even slightly believable. If you are going to use a passage of Lorem Ipsum. You need to be sure there isn't anything embarrassing hidden in the middle of text. All the Lorem Ipsum generators on the Internet tend toitrrepeat predefined chunks.",
                "text2": "Necessary, making this the first true generator on the Internet. It re are many variations of passages of Lo rem Ipsum available, but the majority have suffered alteration in some form, by injectedeed eedhumour, or randomised words which don't look even slightly believable."
            }
        },
        "list_left": {
            "heading": "Ordered & Unordered Lists.",
            "items": [
                "Yet this above sewed flirted opened ouch",
                "Goldfinch realistic sporadic ingenuous",
                "Abominable this abidin far successfully ",
                "Lorem ipsum dolor sit amet, consectetur adipiscing"
            ]
        },
        "list_right": {
            "heading": "Ordered & Unordered Lists.",
            "items": [
                "Yet this above sewed flirted opened ouch",
                "Goldfinch realistic sporadic ingenuous",
                "Abominable this abidin far successfully ",
                "Lorem ipsum dolor sit amet, consectetur adipiscing"
            ]
        },
        "bottom_content": {
            "heading": "Ordered & Unordered Lists.",
            "content": {
                "text1": "There are many variations of passages of Lorem Ipsum available, but the majority have suffered alteration in some form, by injected humour, or randomised words which don't look even slightly believable. If you are going to use a passage of Lorem Ipsum. You need to be sure there isn't anything embarrassing hidden in the middle of text. All the Lorem Ipsum generators on the Internet tend toitrrepeat predefined chunks."
            }
        }
    }
]